2018-07-02,cosmo0920,http://www.clear-code.com/blog/2018/7/2.html
2018-07-03,piroor,http://www.clear-code.com/blog/2018/7/3.html
2018-07-05,ashie,http://www.clear-code.com/blog/2018/7/5.html
2018-07-06,kenhys,http://www.clear-code.com/blog/2018/7/6.html
2018-07-09,piroor,http://www.clear-code.com/blog/2018/7/9.html
2018-07-10,piroor,http://www.clear-code.com/blog/2018/7/10.html
2018-07-11,kou,http://www.clear-code.com/blog/2018/7/11.html
2018-07-18,piroor,http://www.clear-code.com/blog/2018/7/18.html
2018-07-20,kou,http://www.clear-code.com/blog/2018/7/20.html
2018-07-25,kenhys,http://www.clear-code.com/blog/2018/7/25.html
2018-07-26,piroor,http://www.clear-code.com/blog/2018/7/26.html
